education,avg_age,avg_hours_per_week,avg_education_num,record_count
Preschool,42.76,36.65,1.0,51
1st-4th,46.14,38.26,2.0,168
5th-6th,42.89,38.9,3.0,333
7th-8th,48.45,39.37,4.0,646
9th,41.06,38.04,5.0,514
10th,37.43,37.05,6.0,933
11th,32.36,33.93,7.0,1175
12th,32.0,35.78,8.0,433
HS-grad,38.97,40.58,9.0,10501
Some-college,35.76,38.85,10.0,7291
Assoc-voc,38.55,41.61,11.0,1382
Assoc-acdm,37.38,40.5,12.0,1067
Bachelors,38.9,42.61,13.0,5355
Masters,44.05,43.84,14.0,1723
Prof-school,44.75,47.43,15.0,576
Doctorate,47.7,46.97,16.0,413
